{
  "version": 2,
  "builds": [
    {
      "src": "index.html",
      "use": "@vercel/static-build",
      "config": {
        "distDir": "dist"
      }
    }
  ],
  "framework": "vite",
  "routes": [
    {
      "handle": "filesystem"
    },
    {
      "src": "/(.*)",
      "dest": "/index.html"
    }
  ],
  "headers": [
    {
      "source": "/(.*)",
      "headers": [
        {
          "key": "X-Frame-Options",
          "value": "SAMEORIGIN"
        },
        {
          "key": "Referrer-Policy",
          "value": "strict-origin-when-cross-origin"
        },
        {
          "key": "Permissions-Policy",
          "value": "geolocation=(), microphone=(), camera=()"
        },
        {
          "key": "X-Content-Type-Options",
          "value": "nosniff"
        }
      ]
    }
  ]
}